{
  "project_info": {
    "project_number": "999998381563",
    "firebase_url": "https://treesapp-7d2bd.firebaseio.com",
    "project_id": "treesapp-7d2bd",
    "storage_bucket": "treesapp-7d2bd.appspot.com"
  },
  "client": [
    {
      "client_info": {
        "mobilesdk_app_id": "1:999998381563:android:21882865ef4f297773ff5e",
        "android_client_info": {
          "package_name": "com.example.treesapp"
        }
      },
      "oauth_client": [
        {
          "client_id": "999998381563-0hlmqe88v2l7uve6m2p9v2k0rrt52ai2.apps.googleusercontent.com",
          "client_type": 3
        }
      ],
      "api_key": [
        {
          "current_key": "AIzaSyAUwVPZbS_1V_rmoqQn9c59wbSl7PmsfmA"
        }
      ],
      "services": {
        "appinvite_service": {
          "other_platform_oauth_client": [
            {
              "client_id": "999998381563-0hlmqe88v2l7uve6m2p9v2k0rrt52ai2.apps.googleusercontent.com",
              "client_type": 3
            }
          ]
        }
      }
    }
  ],
  "configuration_version": "1"
}